{
  "best_val_loss": 1.511418104171753,
  "class_weights": {
    "hr_alert": 3.830188679245283,
    "spo2_alert": 3.0634920634920637,
    "bp_alert": 1.6391752577319587,
    "temp_alert": 11.8
  },
  "label_distribution": {
    "hr_alert": {
      "0": 254,
      "1": 66
    },
    "spo2_alert": {
      "0": 241,
      "1": 79
    },
    "bp_alert": {
      "0": 194,
      "1": 126
    },
    "temp_alert": {
      "0": 292,
      "1": 28
    }
  }
}